title,overview,genres,release_date,vote_average,popularity
Husbands in Action,A detective teams up with his ex-wife's new husband to chase down her kidnappers. Can this unlikely duo put aside their differences for one wild rescue?,"['Comedy', 'Action']",2026-06-15,7.5,11.9294
Back in Action,"Fifteen years after vanishing from the CIA to start a family, elite spies Matt and Emily jump back into the world of espionage when their cover is blown.","['Action', 'Comedy']",2025-01-15,6.427,4.6138
Action Replayy,A young man tries to revive his parents' wilting marriage by traveling to the 1970s when their romance was budding to help make it bloom: something more complex than he expects.,"['Comedy', 'Romance', 'Science Fiction']",2010-11-05,5.172,2.3793
Last Action Hero,"After his father's death, a young boy finds solace in action movies featuring an indestructible cop. Given a magic ticket by a theater manager, he is transported into the film and teams up with the cop to stop a villain who escapes into the real world.","['Fantasy', 'Action', 'Comedy']",1993-06-18,6.483,4.6299
A Civil Action,"Jan Schlickmann is a cynical lawyer who goes out to 'get rid of' a case, only to find out it is potentially worth millions. The case becomes his obsession, to the extent that he is willing to give up everything—including his career and his clients' goals—in order to continue the case against all odds.",['Drama'],1998-12-25,6.462,2.6111
Action Jackson,Vengeance drives a tough Detroit cop to stay on the trail of a power hungry auto magnate who's systematically eliminating his competition.,"['Action', 'Comedy']",1988-02-12,5.514,1.7544
Action,"Z-movie actor Bruno Martel has hero syndrome, often quarrelling with directors. He meets fellow actor Doris, who is obsessed with Ophelia but cannot get any Shakespearean bookings. One day, during a nervous breakdown, Bruno 'rescues' Doris from the set, leaving town to encounter various absurd situations.",['Drama'],1980-01-04,4.6,2.61
Missing in Action,"American servicemen are still being held captive in Vietnam and it's up to one man to bring them home in this blistering, fast-paced action/adventure starring martial arts superstar Chuck Norris. Following a daring escape from a Vietnamese POW camp, Special Forces Colonel James Braddock (Norris) is on a mission to locate and save remaining MIAs.","['Action', 'Adventure', 'Thriller', 'War']",1984-11-16,5.882,3.8203
Looney Tunes: Back in Action,"Fed up with all the attention going to Bugs Bunny, Daffy Duck quits Hollywood, teams up with recently-fired stuntman Damien Drake Jr. and embarks on a round-the-world adventure, along with Bugs and The VP of Warner Bros. Their mission? Find Damien's father, and the missing blue diamond... and stay one step ahead of The Acme Corp., who wants the diamond for their own purposes.","['Animation', 'Comedy', 'Family']",2003-11-14,6.364,3.4176
Legendary in Action!,"Bill ""Tiger"" wants to relaunch his directorial career with a remake of a wuxia and casts Dragon Tin, the now-ageing star of the original. But nothing goes according to plan because Dragon Tin is no longer in his right mind and takes the role  so seriously he actually beats up his co-stars! A heartfel tribute to the heroes and workers of the seventh art.",['Action'],2022-04-28,0.0,1.2326
Action Point,A daredevil designs and operates his own theme park with his friends.,"['Comedy', 'Drama']",2018-06-01,5.436,4.0852
Evasive Action,"When Redwood Federal Penitentiary closes, there are going to be several hundred prisoners looking for a new home. Several of the most dangerous, all killers, will be transported by train to Santa Ana, a new high tech prison for the worst of the worst. Included in this transfer are: -Ian Kelly, explosions expert who has set off terrorist bombings worldwide. -Lorenzo ""Enzo"" Martini, a mafia kingpin who enjoyed nationwide fame before finally being put away. -Karl ""The Killer"" Miller, a serial killer with absolutely no conscience and an unquenchable thirst for blood. -Tommy ""Zimm"" Zimmer, a man who's serving life for killing his wife and her lover. -Luke Sinclair, who's finishing up the last nine months of a fifteen-year sentence for killing the man who murdered his wife. When the prisoners, under heavy security, board the last car of the train, it quickly becomes clear that an escape plan has been hatched","['Action', 'Thriller']",1998-01-01,6.583,2.3853
Action,"Sayantan Mukherjee’s Action stays true to its name. There’s enough dhishoom-dhishoom, enough drama, enough glam quotient… and enough action. When Raka (Barkha Sengupta), a hot, 20-something, gun-toting coal-mafia’s amorous advents are rejected by college-goer Akash (Om), she turns his life into a living hell. So, Akash, along with his family, flees Ranigunj in order to escape Raka’s wrath and joins a college in Kolkata under the alias of Rohit Roy. Here, he meets Rini (Megha Chakraborty) and romance blooms. But is Raka ready to let go off Akash so soon?","['Action', 'Romance']",2014-08-29,4.0,1.5575
Class Action,"A liberal activist lawyer alienated his daughter Maggie years ago when she discovered his many affairs. Now a conservative corporate lawyer, Maggie agrees to go up against her father in court. To gain promotion, she must defend an auto manufacturer against charges that their explosion-prone station wagons are unsafe. As her mother begs for peace, Maggie takes on her dad in a trial that turns increasingly personal and nasty.","['Drama', 'Crime', 'History']",1991-03-15,6.341,1.3997
Action Women,,['Documentary'],2020-03-10,0.0,1.7121
Action,An Indian army officer goes after the mastermind behind a terror attack that also resulted in personal loss to him.,['Action'],2019-11-15,4.9,0.6655
Legal Action,"Big-city lawyer Casey McKay, is drawn to a small town by his ex-wife to defend her brother, accused of murdering a DA. He discovers a web of conspiracy that puts him face-to-face with the town's most corrupt land developer, Mr. Gates.","['Action', 'Western']",2018-10-08,6.15,0.5127
Direct Action,"Frank Gannon, a veteran cop, is being hunted by his fellow police officers after they learned he has betrayed the brotherhood and exposed to the feds wide scale corruption of the LAPD. He has one day left to prove his case and survive.","['Action', 'Adventure', 'Crime', 'Thriller']",2004-05-25,5.068,1.0083
Action in Arabia,"Reporter Michael Gordon uncovers intrigue in Damascus, where the Allies and Nazis struggle for control of Arab sympathies.","['Drama', 'Thriller']",1944-02-18,6.0,1.3491
Action World,"In the future year of 2013 the planet has fallen into perpetual chaos.  Civilization has broken down into two factions, those who seek power through violence and corruption and those who fight back against the moral decay.  One of these crime lords, Calypso, has begun preparations for world domination, but a small faction of peacekeepers known as the Bravo Squad are ready to take him out of the game.","['Action', 'Comedy']",2010-04-13,10.0,0.2421
Executive Action,"Rogue intelligence agents, right-wing politicians, greedy capitalists, and free-lance assassins plot and carry out the JFK assassination in this speculative agitprop.",['Thriller'],1973-11-07,6.458,1.7833
Machi Action,"What happens when a costumed universal space hero is put out to pasture? Or, rather, the actor portraying him is?",['Comedy'],2013-01-18,4.3,0.3704
The Last Action,"When his grandson is beaten by gangsters, a Warsaw veteran gathers his war buddies to take them on.","['Comedy', 'Crime']",2009-09-10,6.2,1.8439
Action,"An American action star from the 90's is shooting a movie in Bulgaria, while three of his (now grown up) fans try to meet their childhood idol. After a series of bad decisions, the three fans are between the Russian mafia, huge amount of drugs, and huge debt. So they decide to rob the Hollywood production which their childhood idol is shooting.",['Comedy'],2019-10-03,6.5,0.1625
"Dykes, Camera, Action!","The film examines the ways that women directors have contributed to this genre and emphasizes the role that the media play in representation of sexuality and gender, underscoring the power that film has to shape our perceptions of one another. Visually, this documentary comes to life on screen through compelling and intimate original interviews, intercut with emotionally-charged archival footage, photographs, ephemera, inspired music, and film clips.",['Documentary'],2018-06-19,0.5,0.7297
Action!,"In the final year of high school, a group of students embarks on creating a short film for a competition. Despite facing numerous obstacles and challenges that test their teamwork and unity, the group learns valuable lessons in persistence and collaboration. As tensions rise and doubts creep in, one member reminds them that struggles are part of the journey. Together, they push forward, determined to finish what they started. This film, made as a keepsake for their graduation, captures not only the struggles they faced but the triumph of overcoming them.",['Drama'],2022-05-15,0.0,1.8752
Action,Three Outlaws came across a stranded baby and must decide to save the child or escape from the law.,['Western'],1921-09-12,6.3,1.4487
Action!,Rushes of film scenes. The countryside. A father with two children. The same clapperboard on-screen over and over. Starting afresh again.,[],2008-12-24,0.0,0.5244
Enemy Action,"The military's newest weapon has just been stolen. Captain John Reed and the weapon's designer are assigned to retrieve it. Battling well-armed terrorists and double-crossing CIA agents, they must succeed before a missile aimed at Washington, D.C. finds its target.",['Action'],1999-01-01,4.667,0.4908
Action,"On a film set, there are always unforeseen events. Some days, it's all there is. And sometimes it's even worse.",['Comedy'],2022-01-21,7.3,1.204
Mutant Action,"Waging war against all things glamorous and beautiful, crippled terrorists Acción Mutante plot a series of attacks on society's elite, and attempt the kidnapping of a wealthy socialite at her elaborate wedding reception.","['Action', 'Comedy', 'Science Fiction', 'Thriller']",1993-02-03,6.2,1.0341
The Violence Action,"Kei Kikuno attends a vocational school as a student. For her part-time job, she works as a contract killer. She is excellent at her job and never gets scared by anyone. One day, she receives the most challenging request.","['Action', 'Crime', 'Adventure']",2022-08-19,6.123,0.9163
Action Family,"At work, Chris is a hardboiled no-nonsense detective who's investigating a series of brutal murders of jazz musicians. At home, he's a family man straight out of sitcom who has to satisfy every whim of his wife and kids.","['Comedy', 'Action', 'TV Movie']",1987-02-07,7.0,0.3686
Covert Action,An RCMP officer and a government representative uncover a KGB plot to assassinate the Premier of Quebec.,"['Action', 'TV Movie']",1987-02-06,9.0,0.3736
Action Painting,"Portrait of Marco, an 18 year old teenager, fascinated by action painting. Or is it violence that fascinates him?",[],2010-05-10,0.0,1.2218
Action! Action!,"Action! Action! is a high-octane action-comedy bursting with adventure, betrayal, loyalty, and love. When a close-knit crew is hired to steal a priceless Al Capone painting from the Mob Museum in Las Vegas, their plan is derailed mid-heist by an unseen enemy.  Hunted, and out of time, they must uncover who set them up before everything crashes down. With explosive stunts, sharp comedy, and an over-the-top finale, Action! Action! delivers a relentless thrill ride from start to finish.","['Action', 'Comedy']",2025-04-25,10.0,0.3083
Action!,Star troupe's skits.,[],1995-12-30,0.0,0.3978
Men of Action,A villainous banker and his hired saboteurs attempt to thwart construction of Sweetwater Dam.,"['Romance', 'Action', 'Drama']",1935-07-13,6.0,0.9293
WWF Action!,"WWF Action, a collection of the most memorable matches and moments in the first half of the year 2001. Whether it is Stone Cold Steve Austin or Trish Stratus your after, this video/dvd certainly has all the best action from the first half of 2001. This instalment of the WWF, covers the events from, Stone Cold Steve Austin turning heel at Wrestlemania 17, The Vince McMahon and Trish Stratus love affair, the Spike Dudley and Molly Holly ‘Romeo and Juillette’ love affair, and also including the winner takes all stakes of the legendary Invasion pay per view event. This release will keep you on the edge of your seat. Get ready for ACTION! plus lots more.",['Documentary'],2001-09-25,10.0,0.4426
Filmmakers in Action,What is the state of cinema and what being a filmmaker means? What are the measures taken to protect authors' copyright? What is their legal status in different countries? (Sequel to “Filmmakers vs. Tycoons.”),['Documentary'],2006-09-15,7.2,10.4209
Pre Vis Action,"In a time of civil war, a young warrior is given the task of delivering a treaty between two rival lords. During her journey through the woods however, she finds herself hunted by two assassins intent on intercepting her message of peace in a bid to maintain the fear, instability and violent rule of their leader.",['Action'],2016-01-25,6.3,0.4692
Ace of Action,Two families feud over possession of a valuable waterhole.,['Western'],1926-11-28,7.0,0.7194
Action,Summer 1943. Soviet commanders become aware about a spies school in the occupied territory of Ukraine running the traitor Karayev. The group of five is sent to destroy the school.,"['Action', 'War']",1987-06-06,7.0,0.2011
Action!,"Frustrated filmmakers and couple, Pat and Nik, just stole one million pesos from a dangerous man, named Dado, so they can fund their next film. Believing they got off the hook, they stay temporarily in a coffee shop to brainstorm and plan their next move in producing their dream movie.",['Action'],2024-03-01,0.0,1.3332
Fallen Kingdom: Island Action,Crafting some of the key action scenes in Hawaii (and elsewhere around the world).,['Documentary'],2018-09-18,0.0,1.1065
Class Action Park,"Class Action Park explores the legend, legacy, and truth behind the 1980s water park in Vernon, New Jersey that long ago entered the realm of myth. Known for its dangerous, unsupervised rides and lack of regulation, guests of Action Park expected to walk away with injuries and were lucky if they made it out alive. Shirking the trappings of nostalgia, the film uses investigative journalism, original animations,  recordings, and interviews with the people who lived it to reveal the true story of Action Park.",['Documentary'],2020-08-22,6.571,1.8087
Single Action,"The killing of a political leader shatters the peace of a small Mexican town. MANCO, the brother of the murdered presidential candidate knows the killer and sets out to exact his revenge. Arriving to investigate the assassination is special agent AMIGO from the Mexican Intelligence. Amigo quickly strikes up a friendship with a local hotel owner who fills him in on the town's seedy characters and gives Amigo a Single Action revolver. The stage is set for Amigo and Manco to join forces and take down the powerful and dangerous CAMARO family responsible for the murder and the corruption of the town. To gain the confidence of Camaro, Amigo breaks his top henchman out of jail. Amigo is welcomed into the Camaro gang. Camaro soon discovers Amigo's connection with Manco and plots to take him out. The situation reaches a boiling point on the US/Mexican border when Amigo, Manco, and Camaro meet for an old-fashioned Western shootout where truth and justice prevail in one single action.","['Action', 'Western']",1998-10-24,6.0,0.7483
"Lights, Action, Music","A  wonderful journey through the meaning and relevance of film music composition. Featuring great, albeit brief, insights from some of the modern greats.",['Documentary'],2007-08-06,7.0,0.6243
Rachel into action,"Rachel, 21, is a climate activist. While she must appear alone in front of justice for the first time, she is already preparing to go back into action.",['Documentary'],2024-10-20,1.0,0.574
Reflex Action,"Emotionally scarred after serving in the Gulf War, soldier Quinn Taylor returns to his Arizona home, only to learn that his father plans to sell their land to a drug lord. Determined to interrupt the sale, Taylor goes to war with a powerful cartel.",[],2002-01-22,3.75,1.0255
Action!,Mia sets out to Film her own movie. Justin documents the making of the film. Things go off script. Shea begins killing the cast in order to make his own film.,"['Thriller', 'Horror']",2023-09-22,0.0,0.4222
Back in Action,Two men have different motivations but the same goal when they team up and mount an assault on a powerful drug gang.,"['Action', 'Crime', 'Drama', 'Thriller']",1994-07-13,5.379,0.7124
Action 3D,"Four guys head to Goa for a bachelor’s party, wake up with a huge hangover and realise things have gone awry.",['Comedy'],2013-06-21,4.0,1.9903
Guys! Action!,The high school multimedia club students aim to win Best Short Film in Cinemalaya Film Festival to avoid dissolution ordered by the school admin.,"['Comedy', 'Drama']",2023-04-14,7.5,0.8179
Inner Action,"John Ryan ends his life of crime to become a detective and repay society for his past misdeeds. He is hired by a mysterious woman to protect her from her possessive ex-husband, who is not only a powerful crime boss, but also John's ex-friend Vincent.","['Crime', 'Thriller', 'Action']",1997-01-01,8.0,0.2749
Action!,"At the heart of the story is the clapperboard, the beginning and end of every magical shot. A symphony.",[],2022-10-28,0.0,0.1871
ACTION !,"Sami is a young man who is about to go to film school with the help of his uncle. After two years, he releases his first short film that is butchered by critics. Sami falls into a severe depression and starts doubting himself and the path he chose...",['Drama'],2024-06-01,0.0,0.0553
Action,"When two actors—Luke and Carlo— meet for their last chemistry read, their relationship is changed by the masks they put on, and the scripts they play out.","['Drama', 'Romance']",2026-07-01,0.0,0.4039
Delayed Action,"Robert Ayres plays a moody author with a suicide complex. Ayres' melancholia plays right into the hands of a gang of thieves. For a lofty fee, they convince the author to confess to their crimes and then kill himself. Yes, you're way ahead of us: Ayres has a change of heart and decides that he loves life. Delayed Action was produced by Robert Baker and Monty Berman, the men behind the popular 1960s TV adventure series The Saint.",['Crime'],1954-07-01,5.833,0.269
Man Of Action,The Sheriff shoots the robber of the Bank and recovers the money bag only to find it empty. Ranger Tim Barlow arrives and takes over the investigation.,"['Action', 'Western', 'Romance', 'Adventure']",1933-01-20,8.0,0.9435
Action!,"Lee’s girlfriend accuses him of cheating and leaves him. In an attempt to get her back, he decides to make a film that shows what “really” happened.","['Drama', 'Comedy']",2024-01-20,0.0,0.1016
Action!!!,"One day, the cafe where Kevin works is borrowed as a filming location. At an unexpected time, Kevin meets Ranni, one of the make-up artists in the production crew. At the same time the clapper closes, they then imagine as if they were in a movie and do various romantic scenes. But when they are free from their imagination, they have to face the awkwardness and embarrassment of getting to know each other.","['Drama', 'Romance', 'Comedy']",2024-10-17,0.0,7.8595
Action,"Exploring transgender and non-binary representations through an autoethnographic video essay-documentary form, including the voices of transgender and non-binary participants with a variety of filmmaking experiences.",[],,0.0,0.0569
Knee Action,"Andy takes his newest invention, a knee-action washing machine, before a group of potential investors, but his idiot stepson proceeds to disrupt the demonstration.",['Comedy'],1937-01-09,7.0,0.3119
Silent Action,"A number of unexplained military deaths hit Italy and are ruled to be accidental or suicides, but police inspector Giorgio Solmi suspects otherwise. When a mysterious wealthy electrician is seemingly murdered by a female escort, a sinister plot slowly begins to unravel.","['Drama', 'Action', 'Crime']",1975-04-05,5.412,0.5937
Violence of Action,"The Ghost's personal money launderer is due in town and Bojan, a ghost from Kane'e past suddenly appears on the scene. The CIA is convinced that Bojan has come to protect the money launderer.","['Thriller', 'Action', 'Crime']",2012-12-24,6.2,0.872
"Camera, Lights, Action","After receiving a large budget, from a studio, three young film makers attempt to make the sci-fi movie of their dreams.","['Comedy', 'Documentary']",2025-12-05,10.0,0.2966
Action,A young college filmmaker is setting up their camera to film their first short film ever.,[],2023-09-30,0.0,0.104
Action Jackson,"A man meets his lookalike, who's not just a killer of evil, but also a kind hearted man. Together, they team up to fight against a dreaded gangster.","['Action', 'Thriller']",2014-12-05,4.3,0.5364
Uppukandam Brothers Back In Action,,['Action'],2011-06-11,4.0,1.6216
An Action Hero,"At the age of just 30, Maanav at the peak of his acting career gets caught up in a murder accusation, which turns his own life into an eccentric action thriller as he flees the country, with a vengeful politician hot on his heels.","['Action', 'Thriller', 'Comedy']",2022-12-02,6.506,0.7186
Action 2024,"“Action 2024” is a snapshot of independent filmmaker Wu Wenguang's experiences during the year 2024, which he spent in a village called Shijiawan growing rice, corn, and vegetables, and raising chickens, ducks, and geese. What sets this work apart from Wu's previous films is that it was not conceived as a project first, leading to a film; instead, it emerged organically from the filmmaker's life working in the village—farming and raising poultry—during which time he had attached to his body a miniature camera. This process prioritized living and farming first, followed by documentation, and ultimately resulted in an 18-hour film which follows the chronological order of occurrences and documentation, and is structured into five chapters: “June,” “July,” “August,” “September,” and “October.” Screened online over 5 consecutive Fridays from January 31 to February 28, 2025.",[],2025-01-31,0.0,0.1998
Stand by for Action,"U. S. Navy Lieutenant Gregg Masterman, of The Harvard and Boston Back Bay Mastermans, learned about the sea while winning silver cups sailing his yacht. He climbs swiftly in rank, and is now Junior Aide to Rear Admiral Stephen Thomas.","['Action', 'Drama', 'War', 'Comedy']",1942-12-31,7.0,1.0859
Covert Action,"Inside the stately Senate Hearing Room, Frank White, professional soldier, Vietnam vet and CIA operative, is fighting the toughest battle of his life: he's on trial for the assassination of Miguel Rivera, a Central American diplomat. Only two men could have made the shot - White or his friend Rick Burns, ex-military sniper now working as a Mafia hitman. Testimony unravels the intricate web created by Rivera and Daniel Waterman, head of an international cartel dabbling in both Latin American Politics and cocaine.","['Action', 'War']",1988-06-29,5.0,1.042
"Monster High: Frights, Camera, Action!","When Draculaura is led to believe she's the rightful heir to the vampire throne, she and her best ghoulfriends are whisked away to Transylvania for a royal coronation to die for. But they soon discover the hunt for the queen is not over yet. The Ghouls must locate an ancient artifact known as the Vampire's Heart in order to discover the identity of the true Vampire Queen. It's a fangtastic adventure that will lead them from the Tower of Londoom, to a haunted river boat in New Goreleans and finally to the glamorous boo-vie lots of Hauntlywood. Could this be the moment when Draculara finally receives her vampire powers and discovers screams really can come true?","['Family', 'Animation', 'Fantasy']",2014-03-25,7.523,2.5171
Action Movie,A writer attempts to write his own action film. Will he succeed or will he succumb to his own personal doubts about himself? Birdman meets Adaptation meets every action cliche on the planet!.,"['Drama', 'Action', 'Comedy']",2020-11-20,10.0,1.0441
Beyond Action,"The wife of a pilot in the film Top Gun discusses the interconnection between images through time and the mystery involving her husband’s death. Can an image kill a man? Beyond Action is a fictional essay that analyzes the boundaries between image, violence and reality.",[],2018-07-19,0.0,0.1126
Ingenuity in Action,"Hot Rod Magazine film from 1959 With the Parker Brothers from Odessa, TX, and their early hot rods. Shot similar to Endless Summer this movie follows drag racing teams as they travel to the 1959  Drag Racing Nationals. This film features the DRAGMASTER team from California. They are also shown in their shop building an early dragster. Jim Nelson, the owner of the SpeedShop in Ocean Side, California and pioneer of dragsters, is shown in the shop as well. They drag in Detroit and Oklahoma. They are shown traveling with their dragsters loaded.",['Documentary'],1959-07-25,0.0,0.4279
Strip for Action,"Two beautiful hostages find themselves pitted against cold-blooded killers intent on escaping with a million dollars in 'laundered' currency. Stranded in an alpine wilderness, the hunters and the hunted play an action packed cat and mouse game with the money and their lives hanging in the balance",['Action'],1995-01-01,3.714,0.6507
Background Action,"On a tense set of a film noir, two background actors quietly form a connection take after take","['Romance', 'Drama']",2026-05-20,0.0,0.6841
Action Directe,"French powerhouse climber Mélissa Le Nevé tries to become the first woman to traverse Action Directe, one of the most revered and challenging routes in the sport.","['Documentary', 'Adventure']",2020-12-11,8.5,0.2568
Hardcore Action News,"Investigating your life, exploiting your body.",['Comedy'],2003-01-01,9.0,0.672
Action Bog,"A feverish stasis collapses into infinite distraction, spinning on the axis of an algorithm. Each pulse, an uncertain tone, breathes electricity into a half-alive world. Time stretches like soft polymer; metamorphoses creep forward frame by frame, suspiciously slow, as if the film were watching me back. Photographic fragments are transferred onto clay, not quite sculpture, not quite collage, but something in between: a Tonermorph. Figures emerge mid-gesture, faces unsealed yet never whole, suspended within the patterns of their own skin. They falter, caught in an action bog of their own making, or perhaps mine. A work of non-narrative cinema, the piece is guided by a score from electroacoustic and musique concrète composer Andrew Zukerman. Created during a 2025 summer residency at the Toronto Animated Image Society, with production funding support from the Society.",['Animation'],2025-11-13,0.0,0.1858
"Lights, Camera, Action, Love","Tracey Simmons is a young, lovely starlet just beginning her career in the glamorous, exciting world of Hollywood. She is attracted to Peter Delaney, a dashing, virile cameraman who shoots stunt scenes. But, Tracey falls prey to the charms of Dandridge -- an older, experienced, world renown director who could make her a star in his latest picture. Caught in a triangle that will decide her future, Tracey is forced to make a decision which thrusts her into an exciting, passionate affair!",['Romance'],1982-01-01,0.0,0.8593
Action!,"Aspiring filmmaker So Yee is working part-time on a movie set. There, she runs into Kyung Min, her ex-girlfriend and the lead actor of the one movie she has made. So Yee tries to avoid Kyung Min, but it is hard to do so while being a camera assistant. A short film about avoiding ex-girlfriends, trying to read the director's mind, and struggling to eat at the movie set.",['Drama'],2021-11-26,0.0,1.3438
In Action,"Sean and Eric are just two bumbling screenwriters working on the “next big action flick,” utterly oblivious to the shit storm that awaits when the government intercepts their script, believing it to be a veritable terrorist plot.","['Action', 'Comedy']",2020-03-08,4.3,1.102
Action Dudes,"After a bank robbery, Jonas loses his memory. He can't remember who he is and two people claiming to be his friends give him wrong information.","['Action', 'Comedy']",2015-06-12,0.0,0.4663
Special Action Force,Hong Kong movie,[],1997-01-01,0.0,0.1714
Triple Action,Ranger Dave Mannion is deprived of his badge for allowing the notorious Braxton gang to drive diseased cattle past his border patrol. He suspects Eric Prang to be a spy for the gang and sets out to prove it.,"['Drama', 'Western']",1925-12-20,9.0,1.1999
Braddock: Missing in Action III,"When Colonel James Braddock is told that his Asian wife and 12-year-old son are still alive in Communist Vietnam, he mounts a one-man assault to free them. Armed with the latest high-tech firepower, Braddock fights his way into the heart of the country and ends up battling his way out with several dozen abused Amerasian children in tow! Struggling to keep them alive while outmaneuvering a sadistic Vietnamese officer, Braddock ignites the jungle in a blazing cross-country race for freedom.","['Action', 'War', 'Adventure']",1988-01-22,5.745,2.2581
Eastwood In Action,Behind the scenes look at The Outlaw Josey Wales,['Documentary'],1976-06-01,6.5,0.9672
Never Stop the Action,"A supernova in a single New York City subway carriage, NEVER STOP THE ACTION is a kaleidoscopic journey through time and space. We catch a 5am D train with friends TESHI and CASEY after an all night dance party. On their long journey through the awakening city, our two merry pilgrims share stories that take us out of the train on surreal swerves into imagined universes.",[],2025-10-09,0.0,0.4428
Covert Action,"Janssen plays an ex-CIA agent who has become an author, writing both non-fiction exposes (Phillip Agee was in the news at this time) and fiction spy novels. The CIA is on his case, in the person of Arthur Kennedy, CIA chief in Athens, where Janssen is staying. Janssen is pursuing a case that interests him, while dodging the traps set for him by Kennedy  and trying to help Maurizio Merli, a former colleague with personal problems.","['Crime', 'Action']",1978-03-03,7.0,0.305
Action Man,"An American talks a retired French crook into robbing a bank, but kidnappers demand the loot as ransom.","['Crime', 'Drama']",1967-05-31,6.0,0.8712
Partners in Action,Drama about a former police officer who's framed for murder and a young boy who attempts to help him clear his name.,"['Thriller', 'Action', 'Crime']",2002-10-31,5.5,0.7152
Untitled hybrid live-action Teenage Mutant Ninja Turtles,A live Action/CGI hybrid film. Plot TBA.,"['Science Fiction', 'Action']",2028-11-16,0.0,2.8481
Action commerciale,Stephane sells cleaning products. Unfortunately today he enters the wrong house and has to think fast in order to survive.,"['Comedy', 'Thriller']",2011-11-01,7.0,0.8859
Action of the Tiger,A woman hires soldier-of-fortune Carson to smuggle her into Albania by way of Greece. Their trouble is just beginning when they get there.,"['Action', 'Drama', 'Adventure']",1957-08-22,4.786,1.6519
Action Man,"In this silent-film-style short, a crazy, unpredictable killer is on the loose, and only wimpy cops Frank and Carl can solve the case.","['Comedy', 'Horror', 'Crime']",2024-06-19,0.0,0.4306
Return to Action,"HK action movie directed by Chen Kuan Tai, starring himself with Alex Man, who both want to seek revenge!",[],1990-03-29,7.5,0.362
Action: Study,"Shot in 1987 in high contrast 16mm, action : study marks the genesis of Kerr’s forays into a process he now refers to as ‘digital sketching’. Action: Study depicts Kerr’s daughter playing on the shores of Georgian Bay, but could easily be mistaken as a work of abstract animation. Kerr combines innovative hand-held techniques with the ultra-sensitivity of the film stock to create a startling wash of jagged, erratic, and constantly dynamic compositions of black and white. Indeed, at times reality seems to melt in front of us.",['Documentary'],2009-02-03,5.0,0.2362
Action for Slander,"A bankrupt officer, accused of cheating at cards, defends his honour with a writ.",['Drama'],1937-07-21,7.0,0.3093
A Piece of the Action,"How does retired cop Joshua Burke (James Earl Jones) get two career criminals, Manny Durrell (Sidney Poitier) and Dave Anderson (Bill Cosby), to follow the straight and narrow? Con them into helping juvenile delinquents turn over a new leaf. But how? Burke has never been able to nail the duo, but he uses what he knows of their seedy past to blackmail them into volunteering.","['Comedy', 'Crime']",1977-10-07,5.8,1.524
Action Stage: Helios Rising Heroes,"Having passed the tryouts (selection exams), rookie recruits Akira, Will, Ren, and Gast proudly become HELIOS's 13th generation of Heroes. They attend the entrance ceremony with their own thoughts in mind.  However, the stage for the Heroes' festive entrance ceremony is also a golden opportunity for Siams and Shin of Eclipse, who are after Substance, to set their sights on HELIOS.  Eclipse appears before the HELIOS Heroes in a huge explosion.  Thanks to the efforts of Akira and Will's mentors, Brad and Oscar, they manage to defeat Eclipse and avoid disaster.  Meanwhile, Akira, who didn't perform as well as he'd hoped, seems to vent his frustration by boasting that he'll make South Sector, where he's been assigned, number one in LOM (League of Millions), a ranking competition for Heroes.  Akira and the others are excited about being able to act as heroes, but Eclipse, operating in secret, is plotting to steal the Substance from HELIOS...",[],2022-12-08,0.0,1.4869
Action #1,A comic book store-owner assembles five smart and equally geeky associates to pull off the heist of a lifetime- stealing the most valuable comic from Nicholas Cage and holding it for ransom.,['Comedy'],2021-07-01,5.5,0.4102
Action Angels,"Starring Kitty, Chrome, Yumi, Crystalyn, Vixa, Jamie Einstein, Jade, Zendo and Kaizer. Directed by Jeff Centauri. Anime and videogame characters come to life in Action Angels. They're cool, they're sexy, they're cute, and they kick major butt!",['Action'],2005-08-08,4.5,0.2072
Action Figures,"Action Figures is the directorial debut of Travis Pastrana, Nitro Circus founder and 17-time X Game medalist, a film he wrote, directed, and produced alongside his best friends from the world of action sports and in association with Nitro Circus.",['Documentary'],2015-10-15,8.5,0.181
Armed for Action,A cop tracks down the mobster who escaped his custody while being escorted cross-country to stand trial.,['Action'],1992-06-04,4.167,0.195
Give Me Action,James Stanton and John Lane meet 30 years after graduating from Yale to decide the winner of a bet as to who is the more successful.,['Comedy'],1930-09-28,0.0,0.2818
Action Boys,"Only eight out of 36 boys pass the rigorous training at Seoul Action School. They all have different dreams but all wish to become stuntmen. Despite frequent accidents and injuries, they never give up their dream, and the movie follows their hopeful desperation.","['Action', 'Documentary']",2008-08-28,5.9,0.717
Blade Warrior of Blade Action,"Under the careful planning and command of Director Chen Hai’an, the special police unit to which Cheng Gang belongs to engages in a thrilling battle of wits and courage against a smuggling syndicate led by Huang Zan. The officers, especially Cheng Gang and Shen Xin, make tremendous sacrifices and selfless contributions to crack the cultural relics case and wipe out the criminals. In the end, they succeed in capturing the entire criminal group in one sweep.","['Drama', 'Action', 'Crime']",2026-03-13,0.0,0.7698
Dual Action,"Dual Action is a short story about a dying gangster, confronted by two mysterious figures in his final moments. It's sort of a Reservoir Dogs meets Christmas Carol type of story, where the main character is forced to face his own mortality and define the meaning of life. He's tormented by guilt and repentance and must come to term with who he really is. It's a fun twist on the gangster genre.","['Crime', 'Fantasy']",2026-01-09,0.0,1.043
Impetuous Love in Action,6 Chinese air hostesses spend spare time at a martial arts studio. They get suspended from work after using their skills on 3 misbehaving male passengers and they have to find new jobs.,"['Action', 'Comedy']",2014-05-23,6.7,0.5114
Extra Action,"Photographer Richard Kern asks his models to ""roll around and do something interesting for a few minutes"". Extra Action documents 60 of these innocent amateur incidents set to an original musical score by Thurston Moore of Sonic Youth.",['Documentary'],2008-06-17,0.0,0.8941
Direct Action,Direct Action documents the everyday of one of the most important activist communities in France in order to see how the success of a radical protest movement can offer a path through the climate crisis facing us all.,['Documentary'],2024-11-20,5.0,0.2758
Action Dongja,"A rare chance to experience a live-action children’s movie made in Korea. An elementary student name Jingu can no longer stay with his parents and comes to live in a temple of young monks, but he is shy and does not get along with the others. Then one day someone breaks in and steals a statue and the altar portrait. As the only one who witnessed the crime, Jingu sets off with the other young monks to catch the thieves.",['Action'],2022-05-05,5.0,0.5107
Confessions of an Action Star,"A 'mockumentary' on the rise and fall of Chip and Dales dancer turned martial arts action star, Francis Allen Sledgewick, AKA Frank Sledge. When fame and fortune caused Frank to lose his sense of what's truly important, he realized he'd have to get in touch with his roots, if there's ever going to be a comeback.","['Action', 'Comedy']",2005-01-23,4.333,1.1745
Action Jasmine,The femme fatal inspector Jasmine gets transferred to uproot criminals and terrorists only to make enemies with the local godfather.,['Action'],2015-05-15,0.0,1.7803
Polaris Action,"Since June 1, 1960, the Committee for Nonviolent Action (CNVA) had been in New London and Groton, CT for Polaris Action, a summer-long campaign to disrupt the production of nuclear-armed submarines at General Dynamics: Electric Boat and to educate the public about the dangers of the nuclear arms race. Most participants traveled in from other places and, according to the Hilary Harris documentary Polaris Action (1960), included “men and women, old persons and the very young, ministers and atheists, ex-servicemen and conscientious objectors.”",['Documentary'],1960-01-01,0.0,0.206
Spooky Action,Time travelers kidnap a 1990s NASA scientist and loop him into the future in order to steal his anti-aging research. Meanwhile his wife suffers a sexual identity crisis and becomes the prime suspect in his disappearance.,"['Comedy', 'Mystery']",2023-07-15,0.0,0.1786
Slow Action,"Slow Action, Ben Rivers’ first exhibition at Matt’s Gallery, is a post-apocalyptic science fiction film that brings together a series of four 16mm works which exist somewhere between documentary, ethnographic study and fiction.  Continuing his exploration of curious and extraordinary environments, Slow Action applies the idea of island biogeography - the study of how species and eco-systems evolve differently when isolated and surrounded by unsuitable habitat - to a conception of the Earth in a few hundred years; the sea level rising to absurd heights, creating hyperbolic utopias that appear as possible future mini-societies.  This series of constructed realities explores the environments of self-contained lands and the search for information to enable the reconstruction of soon to be lost worlds.",['Science Fiction'],2018-09-22,6.3,0.2792
Get Action!!,"Biographical documentary about Teengenerate, a Japanese cult punk band.","['Documentary', 'Music']",2014-03-15,0.0,0.1871
Action!,"The film is set in 2019. A small film crew is standing by as its members prepare for a shoot. The director says action and the timeline jumps. A 60-year-old cinephile spends his last days selling original copies, also the only copies, of Cebuano films just outside the entrance of a theater in downtown Cebu. A group of “tanods” wants to rid the sidewalk of illegal vendors like him. The film goes back to the small crew in modern times.",[],2019-10-16,0.0,0.4337
Action!,"Luisa, tired of Alondra criticizing the short films of others, encourages her to make one herself so that she can see that it is not easy to do, to which she ends up giving in, so the next morning they prepare everything to record her first film along with Luisa and actor David.",[],2022-03-05,0.0,0.0409
Cheetah in Action,,"['Crime', 'Action', 'Drama']",1990-01-01,0.0,1.587
Get Action,"Christine looms over the buzzer of a Brooklyn apartment building marked Michelle & Jim, unable to press it. She walks away, figuring a quick game of Candy Crush is far more inviting than a visit to a friend whose husband had died.","['Drama', 'Comedy']",2017-07-29,0.0,0.3264
After Action,"A short gangster film with Godard clichés, which are used as quotations.",['Crime'],1968-02-18,8.0,0.539
No Action,"This unusual short portrait film combines animation with live action in a way that makes the viewer wonder, at first, what is real and what has been manipulated. Natural settings are transformed through time-lapse animation, while ten discrete cyclic animations occur simultaneously in a bank of windows behind the motionless protagonist. NO ACTION contrasts sound and imagery to describe conflicting internal and external realities.",[],1982-05-05,0.0,0.4839
Action Stations,"""Action Stations"" documents the work of a Canadian corvette escorting Allied convoys across the North Atlantic during World War II. Combining staged battle reconstruction with observational footage, the film portrays shipboard training, life at sea, and the pursuit and sinking of an enemy submarine.","['War', 'Documentary']",1943-01-02,7.0,0.4675
Action Antipub,,[],2013-12-01,0.0,0.163
Action 13,,[],2010-01-01,0.0,0.3162
Capillary Action,The movement of water via capillary action - the phenonema of water flowing uphill is made visible through the artificially induced osmosis of push and pull of dissimilar photographed material. Fountains and trees are the main carrier of images. Finally... an ode to the translucency of water.,[],1997-01-01,0.0,0.0461
Action Hero Biju,"Biju is an honest policeman who fights the injustice head-on. In his pursuit to keep things under control and clean, he encounters a series of events and cases which test his authority, honesty and integrity. With a week to his wedding, what ensues is a heartfelt story of a cop sans the cinematic hype.","['Action', 'Comedy', 'Crime']",2016-02-04,7.378,0.5707
Action on the Beach,Behind the scenes look at the D-Day special effects created in filming The Americanization of Emily (1964).,['Documentary'],1964-09-01,9.0,1.8125
Ninja in Action,A ninja fighter and his American girlfriend journey to Hong Kong in search of the man who murdered her father and stole a cache of diamonds.,"['Crime', 'Action']",1987-05-16,4.7,0.1929
Falling Action,A student-led theatre production is destroyed by it's control freak writer/director.,['Comedy'],2025-06-13,0.0,0.2861
Command Action,A boy is buying vegetables for his family in a street market but suddenly something changes in the way.,['Drama'],2015-07-01,7.0,0.6425
LIVE ACTION,"While observing pre-recorded surveillance footage of three criminals, a mysterious character narrates the backstory and psychology of the three subjects, all while questioning our very existence.","['Horror', 'Thriller', 'Drama']",2025-05-23,0.0,0.4054
Nude Action,A nude woman dances.,[],,0.0,0.109
Strip for Action,Twins Crystal & Jocelyn Potter introduce a series of sexy clips while horsing around in a bubble bath together.,[],2009-05-05,1.7,0.5959
Direct Action,"A teenage environmentalist leads a protest against a coal mine, setting her on a collision course with her father, the police and courts.",[],2025-02-08,0.0,0.1279
Pump Action,An unusual interview becomes an extraordinary race.,['Action'],2007-01-01,0.0,0.2873
Alexandra Beres - Action,"""This time it worked out and I recommend to you that does not allow fluctuate the pulse and this can help you try and always called a workout plan"" fat-burning range ""to keep. It will do this to the abdominal muscle exercises off not doing súlyzóinkat. You can do two things will be so paying attention: on the one hand barbell way, and secondly, the megdolgoztatandó muscle groups.  This ""2 in 1"" in the method helps to prevent them wander, always having to concentrate, but in the end pleasantly elfáradj and the expected result is achieved. But do not be alarmed, because this will be easy to follow exercises, similar to the previous mozgásanyagaimhoz!  I would be glad if, in addition to the hard work and intense muscle you could also enjoy the tournament and common rail gratified him again and again. ""(Alexandra Beres)",[],2005-01-01,0.0,0.1027
Action Antics,"Here's an interesting bypath in animation, as we get a view of a mountain waterfall, a Martian building a bungalow, and various other brief bits.",['Animation'],1926-07-26,7.0,0.0362
Bursting Action,A rescue team is on a mission to free a girl from the families of terrorist groups from an island and must also find a missing World War II document containing serious secrets.,[],,0.0,0.0584
Action Heroes,"Finally it is coming to you. Peoplegrapher formerly known as thinkBIG production present their latest achievement.  The full-length movie ""Action Heroes"" features a variety of german top-riders in mountainbiking",[],2011-04-21,0.0,0.1136
Covert Action,"Covert Action is a stunning melange of rapid-fire retro imagery accomplishing Child’s proclaimed goal to ""disarm my movies."" ""I wanted to examine the erotic behind the social, and remake those gestures into a dance that would confront their conditioning and, as well, relay the multiple fictions the footage suggests (the ‘facts’ forever obscured in the fragments left us). The result is a narrative developed by its periphery, a story like rumor: impossible to trace, disturbing, explosive.""",[],1984-01-01,0.0,0.5222
ACTION FIGURE PLAYIN,2 best friends match Hulk vs Superman in their playdate,['Comedy'],2013-06-15,0.0,0.0738
Mrs. Osei Takes Action,,"['Drama', 'History']",2022-05-11,0.0,0.2612
Flex Action,"""Super 8 destruction orgy. Different information carriers are attacked."" –T.F.",['Documentary'],1998-01-01,0.0,0.0261
Live Action,"One night in the life of a combat post in the village of Pisky, Ukraine.","['Documentary', 'War']",2016-01-01,0.0,0.0549
Movie in Action,A movie crew is shooting in Thailand when some military guys kidnap the female star. The crew decide to fight back to get the movie star while shooting their movie.,"['Action', 'War']",1987-01-01,4.667,0.2577
That's Action,Actor Robert Culp introduces trailers for and scenes from movies from Action International Pictures.,['Documentary'],1990-10-03,9.0,0.7251
The Original Action Hero,"The film will track the evolution of the action hero in films and how aspects and perspectives have changed about them. Along with Stallone, it will also star Arnold Schwarzenegger, Luke Evans, and Charley Palmer Rothwell among others.","['Documentary', 'TV Movie']",,0.0,1.0906
The Action,,[],,0.0,0.1231
Affurmative Action,"An exploration of workplace diversity or the lack there of, told through meet the team pages.",[],2019-11-03,6.7,0.0906
Action Figures,"Sometime in the 21st century, a new evil threatens humankind. Meet the fundamentalist movie fan! Raised by violence in the media and armed to the teeth, these suburban thugs declare holy war against Hollywood in a string of horrific mass shootings threatening the very fabric of human civilization! A bizarre cult of militant nerds addicted to fantasy and obsessed with blockbuster movies like Star Wars and Batman begin to stalk humans as prey, treating their victims like living toys for their own sick entertainment. Can anyone stop these psychos from dragging the world into a war which to them is little more than a live game of Action Figures? In a strange new world ruled by Star Wars Fundamentalists comes the first chapter in the darkest mythology the world has ever known!","['Adventure', 'Horror']",2011-08-01,0.0,0.1041
Action B,"Film shows the struggle of the Czechoslovak armed forces against groups of Ukrainian Insurgent Army (UPA) under command Burlak, who tried to pass through the territory of Slovakia.","['Drama', 'Adventure']",1952-02-22,6.3,0.2977
BOOKOLORBAR: Action,BOOKOLORBAR is an Animation project to elevate color bar from the supporting tool to the leading actor in film.,['Animation'],2023-04-02,0.0,0.0627
action situation,"""Leiberg embarks on a search for the interaction between painting and improvised music, tinkering with sound collages sets language and sounds against each other (...) Leiberg works with real-movie sequences and uses his pictorial color and form vocabulary as a design element in the film. He primarily uses the resulting films in their capacity as a depot of moving light images in order to project them onto the bodies of dancers in the performances. (Christoph Tannert in ""Gegenbilder"", p. 39f;)",['Animation'],1983-01-01,0.0,0.346
Action Jackson,"Storm Show's 2011 ski/ride adrenaline film promises to be its most adventurous undertaking to date. The record books were shattered with over 700 inches of snowfall having blasted the Teton Range of Jackson Hole, Wyoming. As to be expected, big lines go down one after another, guys & girls alike. On display is the deepest of deep that will make your pants soggy, and massive cliff hucking that you can watch safely from your couch.",[],2011-11-04,0.0,0.0928
Action Force,"Action Force: Directed by Al Francis. With Jun Aristorenas, Roberto Gonzalez, Eddie Garcia, Rosemarie Gil.",[],1977-06-10,0.0,0.0454
Optical Action,Found Super 8 footage is the basis of this flicker film which has been hand treated with ink and bleach. Every other frame has been coloured with a black marker pen to create the flicker and cracked mosaic effect.,[],2004-12-31,0.0,0.1927
Asian Action,"The Hung's are just your average upwardly mobile modern Hong Kong family. As far as their eight-year-old daughter Jasmine is concerned, Mom and Dad are just regular old' parents. That is, until the day Mom and Dad break the news to her that they're actually time-traveling crime-fighting disaster preventer's who masquerade as hot rod mechanics.",[],2014-03-01,0.0,0.0461
ACTION DEAN~!!!,"From Williamstown, New Jersey - Featuring:  ACTION Wrestling World Championship Match: Alex Kane vs Colby Corino The Good Hand (Suge D, Kevin Ryan & The Wall) vs O'Shay Edwards & Amboss (Robert Dreissker & Laurance Roman) Violence Is Forever (Dominic Garrini & Kevin Ku) vs The Ugly Sucklings (Rob Killjoy & White Mike) Gypsy Joe Rules: Coven Of The Goat (Tank & Jaden Newman w/The Rev) vs Tom Lawlor & Manders Gringo Loco vs Dr. Cerebro 3 Flippy Guys (Brayden Toon, Rico Gonzalez & Bobby Flaco) vs 3 Strong Motherfuckers (HoodFoot, Danny Demanto & Isaiah Broner) IWTV Independent Wrestling World Championoship Match: Krule vs Warhorse Jake Parnell Arez vs Matt Makowski Adam Priest vs Slim J Sinner & Saint (Judas Icarus & Travis Williams) vs Wasted Youth (Austin Luke & Marcus Mathers) Dog Collar Match: Demus vs Mad Dog Connelly Timothy Thatcher vs Daniel Makabe",[],2024-04-04,0.0,0.093
Thought/Action,"Initiated in 1996 and completed in 2026, this home-processed 16mm film was inspired by Marc Adrian’s Total (1968) and incorporates the voices of Moucle Blackout and László Dudás. Partially shot at Hearst’s San Simeon Castle, in Canada, and at the Royal Melbourne Show, the work explores the possibility of overcoming traumatic thought through material actions on the film surface. The temporal gap of its completion registers both the persistence of and resistance to traumatic experience.",[],2026-01-01,0.0,0.1509
Action! 1987,"After an getting into an argument about right and wrong in regards to action movie heroes, a passionate young woman is faced with a moral dilema at a child's beauty pageant.",[],,0.0,0.4566
Early Action,"Desperate for their son to gain admission to his dream college, the parents concoct a risky scheme to manufacture trauma, hoping it will make his essay stand out, but their well-intentioned plan may come at a devastating price.","['Drama', 'Comedy']",,0.0,1.143
Love and Action in Osaka,"Despite his efforts of living a normal life as a banker, the life of Toru, the only son of the Yubari Family, becomes disrupted by trouble brought on by his father. When his father’s battle against his rival group the Miike Family ignites, Toru becomes more involved in the turf war than he wished for.","['Crime', 'Drama', 'Action']",1988-12-10,5.2,0.364
Ready Action,,[],2025-01-01,0.0,0.0398
To Catch a Spy,"The blueprints of an aeroplane built from an ultra-secret metal are stolen from national security. French secret service agent Walder believes that the documents are now in Switzerland, in the hands of a man named Lindbaum. The latter agrees to hand over the blueprints in return for a large sum of money. Another agent, Francis Coplan, is sent to Switzerland to handle the deal, but Lindbaum only has half of the documents because he was double-crossed by Kalpannen, an international crook. With the help of Heidi, a Swiss correspondent, Coplan sets out to identify the members of Kalpannen’s gang, only to find that they have all been murdered…",['Action'],1957-03-15,6.0,0.6301
Rapid Action,"Blaming himself for the death of his wife, Gao Feng left the security industry and lived an ordinary life with his son. Six years later, due to the arrival of his former boss, Gao Feng has no choice but to return, to the old profession.","['Action', 'Crime']",2023-02-14,6.3,1.3229
Emergency Action Plan,Instructional videos on how to survive an active shooter send a paranoid man into a self-fulfilling spiral.,"['Action', 'Comedy', 'Fantasy']",2020-09-29,7.0,0.5328
Action 37,"Documentary about the work of members of the mining rescue station in Handlová, Slovakia.",['Documentary'],1959-01-01,7.0,0.1388
Missing in Action 2: The Beginning,"Prequel to the first Missing In Action, set in the early 1980s it shows the capture of Colonel Braddock during the Vietnam war in the 1970s, and his captivity with other American POWs in a brutal prison camp, and his plans to escape.","['Action', 'War', 'Drama', 'Thriller']",1985-03-01,5.806,2.2791
Birth In Action,"Birth In Action chronicles the experience of one family's journey through a natural childbirth. This documentary takes an in-depth look at the natural birthing process, as well as the various stages of labor and birth from the moment the mother's water breaks to the glorious birth of the couple's son. Complete with insightful interviews from one of today's leading Midwives and the Doulas and Educators who helped make it possible. This documentary provides some of the most current information available today on 'low-tech' births without medical intervention",[],2012-01-01,8.0,0.1877
Art in Action,"Art in Action is a portrait of two provocative Montreal artists, Annie Roy and Pierre Allard whose urban installations sound the alarm concerning important social issues.",['Documentary'],2009-01-01,0.0,0.5031
The Action Pack,"A police satire about Aurel, a gipsy police officer, on his first day of work. He really wants to prove what he is capable of, but his career is at risk when his friend, Denzel, recruits him in his not so secret operation.","['Action', 'Comedy']",2023-03-21,6.5,0.9245
Truth or Dare,"Two teen girls and two teen boys play a game of truth or dare. The questions and the challenges deal with sex; it's innocent and harmless, but at each turn, each youth tries to raise the ante. Then, Paul gives a dare to Rose, and the result brings on a sudden and complete silence.",['Comedy'],1994-01-01,6.25,1.0863
Violence Of Action,"""Violence Of Action"" is a thrilling short film that follows a group of retired Green Berets who reunite to rescue the kidnapped daughter of one of their own. Scott Hunter, also known as ""Boy Scout,"" hears his daughter being abducted during a phone call and immediately springs into action, despite his retirement. He reaches out to his former team, brothers forged by the fires of war, who unhesitatingly come to his aid. As they execute a daring rescue mission, they discover that the kidnapping was not a random act but a targeted attack against Scott's family. The team grapples with their instincts and the legal ramifications of the laws they are breaking, realizing they miss the action more than they anticipated. The film delves into themes of loyalty, camaraderie, and the lingering call to action that remains with those who have served in special operations. ""Violence Of Action"" emerged from a unique collaboration among friends.",['Action'],2024-06-06,0.0,0.1066
Action in the North Atlantic,"Merchant Marine sailors Joe Rossi (Humphrey Bogart) and Steve Jarvis (Raymond Massey) are charged with getting a supply vessel to Russian allies as part of a sea convoy. When the group of ships comes under attack from a German U-boat, Rossi and Jarvis navigate through dangerous waters to evade Nazi naval forces. Though their mission across the Atlantic is extremely treacherous, they are motivated by the opportunity to strike back at the Germans, who sank one of their earlier ships.",['War'],1943-06-12,7.05,1.028
Action Scene,"Petr Konstantinovich is the powerful Director of Petrochemical Industry, which is being built from scratch in a small Siberian town.","['Drama', 'TV Movie']",1983-12-17,9.0,0.1365
53 Stages of Action,,['Drama'],1963-01-23,0.0,0.3487
In Praise of Action,"Documentary about stunts and their recognition in the film industry.  Without their selfless contribution to film, the movies we know and love, would not be nearly the same. It is the art of ACTION that allows us to experience those thrilling moments Just as that famous Director's saying goes, ""Lights, Camera. - ACTION!"" There is an understood, yet UNSUNG value to the last of those three necessary components in film-making. Directors, Producers, and Studio Execs all know that the work of Stunt Professionals is an effective way to motivate people into the box offices and to help captivate an audience during Award Shows. Many people do not know that Stunt Professionals do not get an Academy Award, even though they are the ones who literally risk life for their life's passion. In Praise of ACTION makes a statement why Stunt Professionals are being forgotten in the biggest film awards ceremonies? This is the right time to talk about it.",['Documentary'],2018-12-20,10.0,0.4073
Where the Action Is,A gambler is smuggled into a billionaire's house to undertake a gambling duel.,"['TV Movie', 'Horror', 'Thriller']",1975-02-08,8.0,0.4496
Hard Way: The Action Musical,"In the world's first Action Musical, Jake and his SWAT team raid an abandoned factory in order to bring down the country's most dangerous terrorist. Naturally singing and dancing.","['Music', 'Action']",2017-03-17,7.375,0.2875
Action J,"Compilation film, tracing the political career of Dr. Hans Globke, allegedly a former Nazi, now Secretary of State in West Germany.",['Documentary'],1961-04-20,6.167,0.1852
Backstage Action,"This is de facto a film about a film, with the only difference being that the focus is exclusively on the extras. They are filmed while waiting to take their turn, while conversing with others, and thinking about their performances. Although they take their duties very seriously and long to be stars, for the filmmakers, they’re just people that can be coordinated as necessary, nothing more. This film, on the contrary, gives them full consideration, revealing their personalities, what they experience, and what they dream of. The footage comes from many different places where movies are made, involving extras from all different nationalities.",['Documentary'],2018-10-27,5.0,0.3821
Action Man: Robot ATAK,"Action Man and his team have to stop the combined forces of Dr. X and No-Face, who have unleashed a large number of X Robots on the world and framed Action Man for the kidnapping of a professor.","['Action', 'Family', 'Animation']",2004-10-04,6.1,0.7458
WWE Action Zone!,WWE Superstars in Action!,[],1997-01-01,0.0,0.1821
Anti-Racing Action,"Hong Kong is hailed as the safest city in Asia. Recently, Hong Kong has witnessed some street racing people who deliberately cause trouble to the citizens. The police always adopt a zero-tolerance attitude towards illegal street racing drivers, aka street racers. Hence, the Hong Kong police specially select elites from the Traffic Branch and constitute an Anti-Racing Team to conduct special regulations on the street racers.  The Anti Racing Team, with Cheng Zhi Fei as the leader, starts to work on the investigation. An illegitimate street racing organization led by Jiang Xiao Hai surfaces, which intends to secretly hold an illegitimate street racing game in Hong Kong so as to acquire illegal profits. During the investigation, Cheng Zhi Fei and Jiang Xiao Hai's grudge harbored for 15 years also reveals itself...",[],2021-06-20,4.0,0.3252
Live‑Action: Masturbation,"Under the studio lights, novice AV actress Megu steps onto the set for her very first lead role—heart pounding, pulse racing, body flaming. Director Okita hovers close, offering meticulous guidance on every breath, every sigh… yet Megu’s inexperience with men leaves her trembling with doubt. As the shoot drags on, Okita’s phone buzzes with a chilling call from his wife Kaori, demanding a divorce—yet he coldly brushes her off, insisting this is no time for personal distractions. With the camera rolling on Megu’s intense masturbation scene, Okita’s mind drifts to memories of  sex he had with his lover Natsuko, heat flaring as he recalls every scandalous detail.  Finally, the crazy masturbation scene wraps up, and Megu joins the male performer in a hot sex break. Patiently, Okita coaches her through the art of giving a satisfying blowjob—showing her the gentle curve of technique, the soft rhythm of giving—until Megu’s cheeks flush and her confidence ignites like a blazing fire…",[],1991-08-10,2.0,0.3338
Hokusotan 2015 (Action Direct),Performance by Takashi Makino with music composed by Otomo Yoshihide.  A tribute for Teruto Soejima and Masayuki Takayanagi.,[],2015-05-06,0.0,0.3992
Animals in Action,"The profession of capturing animals in action on celluloid is both an art and science. Some of the most exciting footage can be obtained in different ways. Examples are: a large herd, such as of reindeer, moving as one; slow motion footage of fast moving animals, such as racing greyhounds, especially when they do something unexpected; mothers and their newborn offspring doing what comes naturally; animals placed among special props; animals placed in human situations; combining the exciting and dangerous, such as the running of the bulls in Pamplona and the bullfights to follow; placing animals that are not natural companions together; and placing animals in the situation of a challenge, such as a bunch of bananas just out of reach of a hungry monkey. Many of these elements are combined into the final sequence of a steeplechase race.",['Documentary'],1955-05-21,7.0,0.2973
Wolves Action,,"['Action', 'Thriller']",2019-11-14,0.0,0.1772
Re-action,,['Family'],2017-01-01,8.2,0.5935
Net of Heaven Action,A CAT III film directed by Patrick Kong Yeung and Wang Biao.,[],1994-01-01,0.0,0.2395
First Action Hero,A maverick cop takes on the seedy criminal underbelly of Miami singlehanded.,['Action'],1994-01-01,3.75,0.2112
Wolf Killing Action,,"['Action', 'War']",2020-01-05,0.0,0.2184
First Aid Action,"Concentrates upon basic first aid steps. Simulated situations provide an opportunity to discuss and demonstrate mouth-to-mouth resuscitation, shock, bleeding, burns, fractures, poisoning and sudden illness. A recap is made of all first aid directions. Shots of real accidents provide realism which reinforce the film’s theme. Narrated by Burt Reynolds.  ACMI Identifier 003727",['Documentary'],1973-01-01,0.0,0.6893
